{"mean":{"confidence_interval":{"confidence_level":0.95,"lower_bound":1361114960.7245,"upper_bound":1363885642.4200003},"point_estimate":1362440769.3600001,"standard_error":713755.0956827443},"median":{"confidence_interval":{"confidence_level":0.95,"lower_bound":1360642950.8,"upper_bound":1363867082.1},"point_estimate":1362717583.3,"standard_error":997453.1358397781},"median_abs_dev":{"confidence_interval":{"confidence_level":0.95,"lower_bound":356333.7115540948,"upper_bound":4504500.326168921},"point_estimate":2465706.0858249664,"standard_error":968868.4896840544},"slope":null,"std_dev":{"confidence_interval":{"confidence_level":0.95,"lower_bound":1337221.901588434,"upper_bound":3126546.429677958},"point_estimate":2396170.3926902134,"standard_error":484235.2060308845}}