{"mean":{"confidence_interval":{"confidence_level":0.95,"lower_bound":4461308911.35,"upper_bound":4462598043.65},"point_estimate":4461986469.0,"standard_error":331540.13273657294},"median":{"confidence_interval":{"confidence_level":0.95,"lower_bound":4460920533.5,"upper_bound":4462895245.5},"point_estimate":4462256467.75,"standard_error":490593.7483009993},"median_abs_dev":{"confidence_interval":{"confidence_level":0.95,"lower_bound":143091.65385961533,"upper_bound":1797873.7461313605},"point_estimate":958354.1055858135,"standard_error":425642.1971380839},"slope":null,"std_dev":{"confidence_interval":{"confidence_level":0.95,"lower_bound":579987.1876943968,"upper_bound":1378098.272293966},"point_estimate":1104739.1992213465,"standard_error":205279.7876290291}}