{"mean":{"confidence_interval":{"confidence_level":0.95,"lower_bound":696822467.7555556,"upper_bound":698838728.8666666},"point_estimate":697784048.0222223,"standard_error":515135.9982383722},"median":{"confidence_interval":{"confidence_level":0.95,"lower_bound":696484444.0,"upper_bound":699629663.0},"point_estimate":697154733.2222222,"standard_error":789495.3634894361},"median_abs_dev":{"confidence_interval":{"confidence_level":0.95,"lower_bound":354810.22476750636,"upper_bound":2779014.8779292116},"point_estimate":1367792.4560835063,"standard_error":654056.1485525814},"slope":null,"std_dev":{"confidence_interval":{"confidence_level":0.95,"lower_bound":813061.6885707311,"upper_bound":2064584.790801843},"point_estimate":1709007.4901781396,"standard_error":297342.28893218306}}