{"mean":{"confidence_interval":{"confidence_level":0.95,"lower_bound":67270895.07356322,"upper_bound":67348486.88850573},"point_estimate":67307557.28160919,"standard_error":20008.836252712976},"median":{"confidence_interval":{"confidence_level":0.95,"lower_bound":67257289.93103448,"upper_bound":67364919.97126436},"point_estimate":67300431.10919541,"standard_error":21965.085883477757},"median_abs_dev":{"confidence_interval":{"confidence_level":0.95,"lower_bound":10317.18315821079,"upper_bound":112357.68019146365},"point_estimate":47387.78911388685,"standard_error":26417.046333386974},"slope":null,"std_dev":{"confidence_interval":{"confidence_level":0.95,"lower_bound":28129.76355248866,"upper_bound":83990.55763899827},"point_estimate":66713.24984399795,"standard_error":14302.997688353487}}