{"mean":{"confidence_interval":{"confidence_level":0.95,"lower_bound":102141487.9526316,"upper_bound":102268903.99824561},"point_estimate":102201399.6,"standard_error":32580.045851235238},"median":{"confidence_interval":{"confidence_level":0.95,"lower_bound":102146760.22807017,"upper_bound":102254686.10526316},"point_estimate":102171174.20175439,"standard_error":28712.4262101528},"median_abs_dev":{"confidence_interval":{"confidence_level":0.95,"lower_bound":8899.436394647015,"upper_bound":182058.711920448},"point_estimate":49194.91703714214,"standard_error":44573.194489102636},"slope":null,"std_dev":{"confidence_interval":{"confidence_level":0.95,"lower_bound":42098.49779645595,"upper_bound":147015.64834308912},"point_estimate":108257.24575646588,"standard_error":28038.20397792267}}